CLASS_NAME,TAGS
Financial Statement Analysis,"Finance, Statistics, Analysis, Fee, Cost, Purchase"
Financial Accounting,"Finance, Statistics, Analysis, Fee, Cost, Purchase, Accounting, Report, Sheets, Excel, Money"
Managerial Accounting,"Management, Finance, Statistics, Analysis, Fee, Cost, Purchase, Sheets, Balance, Money"
Intermediate Accounting I,"Finance, Statistics, Analysis, Fee, Cost, Purchase, Sheets, Balance"
Intermediate Accounting II,"Finance, Statistics, Analysis, Fee, Cost, Purchase, Sheets, Balance, Money"
Accounting Theory and Practice,"Theory, Finance, Statistics, Practical, Analysis, Fee, Cost, Purchase, Sheets, Balance, Accounting, Money"
Cost Accounting,"Finance, Statistics, Analysis, Fee, Cost, Purchase, Sheets, Balance, Cost, Accounting, Money"
Accounting Systems,"Business, Management, Finance, Statistics, Analysis, Fee, Cost, Purchase, Sheets, Balance, Systems, Money"
Advanced Accounting,"Advanced, Finance, Statistics, Analysis, Fee, Cost, Purchase, Sheets, Balance, Advanced, Accounting, Money"
Auditing,"Tax, Finance, Statistics, Accounting, Auditing,  Analysis, Fee, Cost, Purchase, Sheets, Balance"
Tax I,"Tax Finance, Statistics, Analysis, Fee, Cost, Purchase, Sheets, Balance"
Tax II,"Tax, Finance, Statistics, Accounting, Auditing, Analysis, Fee, Cost, Purchase, Sheets, Balance"
Advanced Auditing,"Tax, Finance, Statistics, Accounting, Auditing, Analysis, Fee, Cost, Purchase, Sheets, Balance"
Religion and Culture,"Religion, Society, Humans, Community, Culture, HumanBehavior, WorldStudies, InternationalStudies, Children, FamilyStudies, Study, Behavior, WorldStudies"
Current Issues in Accounting,"Tax, Finance, Statistics, Accounting, Auditing,  Analysis, Fee, Cost, Purchase, Sheets, Balance"
Native Americans,"Religion, Society, Humans, Community, Culture, HumanBehavior, WorldStudies, InternationalStudies, Children, FamilyStudies, Study, Behavior, WorldStudies"
Elementary Arabic I & II,"Language, Culture, Society, Introductory, Elementary, LanguageStudy, WorldStudies, Arabic"
An Introduction to Archaeology,"History, Introductory, Archaeology, History, Artifacts, Culture"
American Culture I,"Language, Culture, Society, Introductory, Elementary, LanguageStudy, WorldStudies, America, AmericanStudies"
American Culture II,"Language, Culture, Society, Introductory, Elementary, LanguageStudy, WorldStudies, America, AmericanStudies"
Intermediate Arabic I & II,"Language, Culture, Society, Intermediate, LanguageStudy, WorldStudies, Arabic"
Arabic Cultures and Perspectives,"Language, Culture, Society, Arabic, WorldStudies, InternationalStudies, Community, Civilizations"
Three Dimensional Design,"Graphics, Technology, DigitalMedia, Design, ComputingTechnology, Media, Art"
Fundamentals of Art and Design,"Art, Design, Drawing, Media, Fundamentals, DigitalMedia, Creative "
Intermediate Painting,"Painting, Art, Design, Drawing, Media, Fundamentals, DigitalMedia, Creative "
Basic Sculpture,"Sculpting, Art, Design, Drawing, Media, Creative"
Drawing II: Media and Techniques,"Art, Design, Drawing, Media, Fundamentals, DigitalMedia, Creative, Painting"
Intermediate Sculpture,"Sculpting, Art, Design, Drawing, Media, Creative, Intermediate "
Basic Printmaking,"Painting, Art, Design, Drawing, Media, Fundamentals, DigitalMedia, Creative "
Basic Drawing,"Painting, Art, Design, Drawing, Media, Fundamentals, DigitalMedia, Creative "
Basic Painting,"Painting, Art, Design, Drawing, Media, Fundamentals, DigitalMedia, Creative "
Basic Photography,"Photography, Art, Design, Media, Fundamentals, DigitalMedia, Creative,Camera, Capture, Lens"
Digital Layout and Design,"Art, Design, Drawing, Media, Fundamentals, DigitalMedia, Creative, Graphics, DigitalDesign"
Figure Drawing,"Painting, Drawing, Media, Art, Design, Figures, Humans, Culture"
Introduction to Digital Media,"Media, Technology, Introductory, DigitalDesign, Media, DigitalMedia, ComputerGraphics, Art"
Digital Photography,"Photography, Art, Design, Media, Fundamentals, DigitalMedia, Creative,Camera, Capture, Lens, Techonology"
Digital Animation I,"Technology, Media, DigitalMedia, Media, ComputerGraphics, Graphics, Art, Animation, Moving, "
Intermediate Photography,"Photography, Art, Design, Media, Fundamentals, DigitalMedia, Creative,Camera, Capture, Lens, Techonology, Intermediate"
Advanced Painting I,"Painting, Art, Design, Drawing, Media, Fundamentals, Creative, Advanced"
Digital Painting,"Painting, Media, Technology, Art, Design, Drawing, Media, DigitalMedia, Creative, ComputerGraphics"
MultiMedia Authoring,"Media, Technology, DigitalDesign, Media, DigitalMedia, ComputerGraphics, Art"
Designing for the Web,"Technology, Design, Website, WebDesign, DigitalMedia, Media, Computers, Creativity"
Drawing III: Advanced Projects,"Painting, Advanced, Drawing, Art, Creativity, Media"
Advanced Photography,"Photography, Advanced, Media, Art, Creativity, Camera, Shot"
Digital Illustration,"Art, Design, Technology, DigialMedia, Creativity, ComputerGraphics, Media, Drawing"
Advanced Painting II,"Painting, Art, Design, Drawing, Media, Fundamentals, Creative, Advanced"
Advanced Drawing II,"Painting, Art, Design, Drawing, Media, Fundamentals, DigitalMedia, Creative "
Advanced Sculpture I,"Sculpting, Art, Design, Drawing, Media, Creative, Intermediate "
Advanced Sculpture II,"Sculpting, Art, Design, Drawing, Media, Creative, Intermediate "
MultiMedia Projects,"Art, Design"
interactive Website Design,"Technology, Design, Website, WebDesign, DigitalMedia, Media, Computers, Creativity"
Digital Animation III,"Art, Design, DigitalMedia, Animation, Creativity, Technology "
Senior Thesis: Portfolio,"Art, Project, Senior, Creativity, Design, Portfolio"
History of Western Art I,"Art, WorldStudies, History, WesternStudies"
History of Western Art II,"Art, WorldStudies, History, WesternStudies"
Pre-Columbian Art,"Art, WorldStudies, History, WesternStudies"
Chinese Art,"Art, World Studies, History, EaternStudies, AsianStudies, Society, Culture"
American Art,"Art, AmericanStudies, History, WesternStudies, Culture, Society"
History of Photography,"Art, History, Camera, Photography"
History of Costume,"Art, History, Fashion, Culture, WorldStudies"
Greek and Roman Art,"Art, WorldStudies, History, EaternStudies, Society, Culture"
Museum Studies,"Art, WorldStudies, History, Cutlure, EasternStudies Society, WesternStudies"
Contemporary Art,"Art, World Studies, History, Creativity, Society, Modern"
Medieval Art,"Art, WorldStudies, History, Creativity, Society, EasternStudies, Culture, Medieval "
Art & Technology,"Art, Technology, Creativity, DigitalMedia, ComputingTechnology"
Renaissance Art,"Art, WorldStudies, History, Renaissance, Creativity, Society, Culture, Humans "
Advanced Internship,"Advanced, Internship, History, Art"
Capping Course,"Capping, Senior, Art, Project, History"
Introduction to Athletic Training,"AthleticTraining, HumanBody, Physical,PhysicalEducation, Body, Sports, Athletics, WellBeing"
evaluations for the lower body.,"AthleticTraining, HumanBody, Physical,PhysicalEducation, Body, Sports, Athletics, WellBeing"
evaluations for the upper body.,"AthleticTraining, HumanBody, Physical,PhysicalEducation, Body, Sports, Athletics, WellBeing"
Athletic Training Internship,"AthleticTraining, HumanBody, Physical,PhysicalEducation, Body, Sports, Athletics, WellBeing"
Topics in Biology,"Biology, Introductory, Plants, Animals, Cells, Science, Life"
General Biology I,"Biology, Introductory, Plants, Animals, Cells, Science, Life"
General Biology II,"Biology, Introductory, Plants, Animals, Cells, Science, Life"
Human Anatomy and Physiology I,"Biology, HumanBody, Humans, Body, Physical,Anatomy, Life, BodilyFunctions"
Human Anatomy and Physiology II,"Biology, HumanBody, Humans, Body, Physical,Anatomy, Life, BodilyFunctions"
Human Nutrition,"Biology, HumanBody, Humans, Body, Physical,Anatomy, Life, BodilyFunctions, Nutrition, Food"
Microbiology,"Biology, Microbiology, Bacteria, Fungi, Viruses, Micro, Organisms, Life"
Plant Biology,"Biology, Environment, Plant, Cells, PlantCells, Life, Organisms, Food"
Immunology,"Biology, HumanBody, ImmuneSystem, BodilyFunctions, Body, Humans, Life, Viruses"
Genetics,"Biology, HumanBody, Forensics, Humans, DNA, BodilyFunctions, Natural"
Life on Earth,"Biology, Enviornment, Life, Cells, Animals, Plants, Humans, Natural, Organisms"
"Sex, Evolution and Behavior","Biology, HumanBody, Humans, HumanBehavior, Body, Physical,Anatomy, Life, BodilyFunctions"
Evolution,"Biology, HumanBody, Humans, Body, Physical, Anatomy, Life, Organisms, Evolution"
Human Biology,"Biology, HumanBody, Humans, Body, Physical, Anatomy, Life, BodilyFunctions"
Histology,"Biology, HumanBody, Humans, Body, Physical, Anatomy, Life, BodilyFunctions, Cells, Skin, Animals"
Animal Behavior,"Biology, Enviornment, Life, Cells, Animals, Natural, Organisms, Behavior"
FreshWater Ecology,"Biology, Enviornment, Life, Cells, Animals, Natural, Organisms, FreshWater, Water, Plants"
Ecology: Principles & Practice,"Biology, Introductory, Plants, Animals, Cells, Science, Life, Practical"
Special Topics in Biology I,"Biology, Introductory, Plants, Animals, Cells, Science, Life"
Special Topics in Biology II,"Biology, Introductory, Plants, Animals, Cells, Science, Life"
Special Topics in Biology III,"Biology, Introductory, Plants, Animals, Cells, Science, Life"
Invertebrate Zoology,"Biology, Introductory, Plants, Animals, Cells, Science, Life, Invertebrate, Zoo"
Plant Physiology,"Biology, Environment, Plant, Cells, PlantCells, Life, Organisms, Food"
Advanced Human Physiology,"Biology, HumanBody, Humans, Body, Physical, Anatomy, Life, BodilyFunctions"
BioTechnology,"Biology, Technology, Modern, Life, Organisms, DNA, Engineering, Medicine"
Developmental Biology,"Biology, Technology, Modern, Life, Organisms, DNA, Engineering, Medicine"
Parasitology,"Biology, Parasites, Sickness, Health, Life, Organisms, Disease, Animals, Plants"
Capping Course,"Biology, Science, Capping, Senior"
Molecular Biology,"Biology, Molecules, Plants, Animals, Cells, Cellstructure, DNA"
Organizational Behavior,"Biology, Behavior, Plants, Animals, Environment"
Biology Internship,"Biology, Internship, Science"
Financial Literacy,"Business, BusinessAdministration, Finance, Literacy, Money, Bills, Taxes, Life, Stocks, Investing, Mortgage, Savings, Job"
Global Business & Society,"Business, BusinessAdministration, Society, Global, International, WorldStudies"
Human Resource Management,"Business, BusinessAdministration, Humans, HumanResources, HumanBehavior, Conduct"
Financial Management,"Finance, Money, Taxes, Business, BusinessAdministration,Management, Wealth"
Marketing Principles,"Marketing, Finance, Principles, Advertising, Money, Sales, Business, BusinessAdministration"
Entrepreneurship,"Business, BusinessAdministration, Entrepreneurship, Money, Sales, Personal"
Business Law I,"Business, BusinessAdministration, Law, Corporate, People, Regulationss"
Business Law II,"Business, BusinessAdministration, Law, Corporate, People, Regulationss"
Investment Analysis,"Business, BusinessAdministration, Investing, Finance, Money, Stocks, Analysis, Bonds"
Operations Management,"Business, BusinessAdministration, Operations, Money, Excel, CashFlows, Taxes, SupplyAndDemand, OperationChain"
Corporate Finance,"Business, BusinessAdministration, Corporate, Finance, Money, CashFlows, Regulations"
Legal Foundation of Business,"Business, BusinessAdministration, Law, Corporate, People, Regulationss, People"
Investment Practicum: Equities,"Business, BusinessAdministration, Investing, Stocks, Practical, Equities, Bonds, Trading"
Labor Relations,"Business, BusinessAdministration, People, Work, Labor, Humans, Relationships"
Investment Practicum: Fixed Income,"Business, BusinessAdministration, Investing, Stocks, Practical, Equities, Bonds, Trading"
Compensation Administration,"Business, BusinessAdministration, Investing, Stocks, Practical, Equities, Bonds, Trading"
Employment and Development,"Business, BusinessAdministration, Labor, Employment, Humans, Workplace"
International Trade Management,"Business, BusinessAdministration, Investing, Stocks, Practical, Equities, Bonds, Trading, InternationalTrading"
Marketing Communications,"Marketing, Finance, Principles, Advertising, Money, Sales, Business, BusinessAdministration, Communications"
Marketing Policies & Problems,"Marketing, Finance, Principles, Advertising, Money, Sales, Business, BusinessAdministration"
Management Strategy and Policy,"Marketing, Finance, Principles, Advertising, Money, Sales, Business, BusinessAdministration"
Marketing Research,"Marketing, Finance, Principles, Advertising, Money, Sales, Business, BusinessAdministration"
International Marketing,"Marketing, Finance, Principles, Advertising, Money, Sales, Business, BusinessAdministration, International"
Employment Practicum,"Practical, Career, CareerDevelopment, Growth, Personal"
Principles of Organic Chemistry,"Chemistry, Elements, Energy, Atoms, Particles, Organic, Carbon, Reactions, Life"
Catholic Thought and Spirituality,"Religion, ReligiousStudies, CatholicStudies, Spirtuality, People, BeliefSystems"
Introduction to Chemistry,"Chemistry, Introductory, Elements, Energy, Atoms, Particles"
Computational Chemistry,"Chemistry, Elements, Energy, Atoms, Particles, Math, Equations"
Organic Chemistry I,"Chemistry, Elements, Energy, Atoms, Particles, Organic, Carbon, Reactions, Life"
Organic Chemistry II,"Chemistry, Elements, Energy, Atoms, Particles, Organic, Carbon, Reactions, Life"
Organic Chemistry Laboratory I,"Chemistry, Elements, Energy, Atoms, Particles, Organic, Carbon, Reactions, Life, Lab"
Organic Chemistry Laboratory II,"Chemistry, Elements, Energy, Atoms, Particles, Organic, Carbon, Reactions, Life, Lab"
Principles of Biochemistry,"Chemisty, Biology, Biochemistry, Principles, Life, Atoms, Organisms, Particles"
Environmental Chemistry Laboratory,"Chemistry, Lab, Environment, Organisms, Biochemistry"
Environmental Chemistry,"Chemistry, Environment, Organisms, Biochemistry"
Mechanics,"Chemistry, MechanicalChemistry, Structure, Particles"
Biochemistry I,"Biochemistry, Cells, Molecules, Chemistry, Biology, Processes"
Analytical Chemistry,"Chemistry, Math, Analytics, Particles, Energy, Calculations"
Thermodynamics & Kinetics,"Chemistry, Math, Analytics, Particles, Energy, Calculations, Heat, Temperature"
Quantum & Statistical Mechanics,"Chemistry, MechanicalChemistry, Structure, Particles, Statistics, Computations, Calculations, QuantumMechanics"
Biochemistry II,"Biochemistry, Cells, Molecules, Chemistry, Biology, Processes"
Biochemistry Laboratory I,"Biochemistry, Cells, Molecules, Chemistry, Biology, Processes, Lab"
Biochemistry Laboratory II,"Biochemistry, Cells, Molecules, Chemistry, Biology, Processes, Lab"
Advanced Inorganic Chemistry,"Chemistry, Elements, Energy, Atoms, Particles, Inorganic, Carbon, Reactions, Life, Advanced"
Advanced Organic Chemistry,"Chemistry, Elements, Energy, Atoms, Particles, Organic, Carbon, Reactions, Life, Advanced"
Polymer Chemistry,"Chemistry, Elements, Energy, Atoms, Particles, Organic, Carbon, Reactions, Life"
Research Methods in Chemistry II,"Chemistry, Elements, Energy, Atoms, Particles, Organic, Carbon, Reactions, Life, Research, Study"
Research Methods in Chemistry III,"Chemistry, Elements, Energy, Atoms, Particles, Organic, Carbon, Reactions, Life, Research, Study"
Intermediate Chinese I & II,"Intermediate, Chinese, LanguageStudy, InternationalStudies, Language, AsianStudies"
Public Presentation,"PublicSpeaking, Speech, Presentation, Talking, Humans, Communications "
Introduction to Communication,"Introductory, Presentations, Humans, Speaking, Communications, Relationships"
Digital Toolbox,"Digital, DigitalTools, Communications, Learning, Online"
Special Topics in Communication,"Communications, SpecialTopics, Relationships, Humans, Speaking"
Elementary Chinese I & II,"Elementary, Chinese, LanguageStudy, InternationalStudies, Language, AsianStudies"
Interpersonal Communication,"Presentations, Humans, Speaking, Communications, Relationships"
Argumentation and Debate,"Communications, Debate, Speech, Presentation, Humans, Talking, Arguments"
Public Relations Writing Tools,"Relations, Writing, Tools, Communications, People, Speaking"
Introduction to Journalism,"Journalism, Introductory, Writing, Articles, Journalist, News"
Journalism Skills,"Journalism, Introductory, Writing, Articles, Journalist, News"
"Sport, Culture, and Communication","Culture, Communications, Journalism, Sports, Writing, News"
Broadcasting,"Television, Sports, Communication, News, Presentation, Public"
Mass Communication Law,"Communications, Law, Humans, Relationship, Public, Regulationss"
News Editing,"News, Journalism, Public, Editing, Articles, Writing"
Small Group Communication,"Communications, People, PublicPresentation, Speech"
Persuasion,"Communications, Speech, Tools, Skills, Techniques, Talking"
Seminar in Communication,"Communications, Speech, Tools, Skills, Techniques, Talking"
Internship in Communication,"Communications, Speech, Tools, Skills, Techniques, Talking, Internship"
Media Strategy,"Media, Journalism ,News, Public, Strategy, Presentation, Communications, Broadcast"
NewsWriting,"News, Journalism, Public, Editing, Articles, Writing"
Public Affairs Reporting,"PublicAffairs, PublicRelations, Communications, News, Media,  Reporting"
Research and Consumer Insight,"Consumer, Research, Marketing, Business, Money, Sales, People"
Intercultural Communication,"Culture, Communications, People, Humans, Society, Relationships"
Magazine Writing,"Journalism, Writing, Media, News, Articles, Magazines, Reading "
Magazine Layout and Design,"Journalism, Writing, Media, News, Articles, Magazines, Design, GraphicDesign"
Creative Problem Solving,"Creativity, ProblemSolving, Thinking, CriticalThinking"
Communication Ethics,"Communications, Humans, Behavior, Ethics, People"
Radio News I,"Radio, Broadcast, News, Public, Speech, Talking, People, Communications, Media"
Broadcast News Writing,"Radio, Broadcast, News, Public, Speech, Talking, People, Communications, Media"
Producing the Newscast,"Radio, Broadcast, News, Public, Speech, Talking, People, Communications, Media"
Applied Research and Analytics,"Research, Analytics, News, Public, Data"
Press in America,"Radio, Broadcast, News, Public, Speech, Talking, People, Communications, Media"
Sex and the Media,"Radio, Broadcast, News, Public, Speech, Talking, People, Communications, Media, GenderStudies"
Visual Storytelling,"Visuals, Media, News, Public, Speech, Story, Graphics"
Readings in Journalism,"Journalism, Introductory, Writing, Articles, Journalism, News, Reading"
PhotoJournalism,"Photography, Journalism, Media,Camera, Articles, News"
Issues in Sports Media,"Sports, Media, News, Journalism, Writing"
"Gender, Culture and Communication","GenderStudies, Communications, People, Culture, HumanBehavior, Relationships"
Communication Capping,"Communications, Speech, Tools, Skills, Techniques, Talking, Capping, Senior"
Communication Campaign Management,"Communications, Speech, Tools, Skills, Techniques, Talking, Campaign, Managment"
Advanced Public Presentations,"Relations, Writing, Tools, Communications, People, Speaking, Presentations"
Advanced CopyWriting,"CopyWriting, Writing, Journalism ,Media, Press, Public, Advanced"
Advertising Research,"Advertising, Marketing, Research, Business, Sales, People, Advanced"
Radio News II,"Radio, Broadcast, News, Public, Speech, Talking, People, Communications, Media"
Branding,"Marketing, Advertising, Sales, Business, Design, GraphicDesign, PublicPresentation"
Sports Broadcasting,"Sports, Broadcast, Journalism, Public, Speech, Television, Radio"
Communication Theory,"Theory, Communications, Speech, Speaking, Relations, Public"
Advocacy Journalism,"Journalism, Introductory, Writing, Articles, Journalism, News, Reading, Relations"
Specialized Journalism,"Journalism, Introductory, Writing, Articles, Journalism, News, Reading"
Sports Reporting,"Sports, Broadcast, Journalism, Public, Speech, Television, Radio"
Sports Public Relations,"Sports, Broadcast, Journalism, Public, Speech, Television, Radio, Relations"
Journalism Praxis,"Journalism, Writing, Articles, Journalist, News, Practical"
Alternative Journalism,"Journalism, Writing, Articles, Journalist, News, Practical"
Journalism Workshop,"Journalism, Writing, Articles, Journalist, News, Practical"
Comparative Communication Systems,"Communications, Speech, Tools, Skills, Techniques, Talking, Systems"
MS Excel,"ComputingTechnology, Excel, Skills, Tools, Compentancy "
Game Studies Seminar,"Gaming, GameDesign, Technology, Design, ComputingTechnology"
SoftWare Development II,"SoftWare, ComputingTechnology, SoftwareDevelopment, Coding, PHP, HTML, SQL"
SoftWare Systems and Analysis,"SoftWare, Systems, Analysis, ComputingTechnology, Business, Development"
Management Information Systems,"InformationSystems, Management, ProjectManager, ComputingTechnology"
Introduction to Programming,"Python, ComputingTechnology, Coding, Introductory, Fundamentals, Programming"
"Technology, Ethics, and Society","Ethics, Society, ComputingTechnology, Writing, Articles"
SoftWare Development I,"ComputingTechnology, Java, Coding, OOP, Programming, SoftWare, SoftwareDevelopment"
Data Communications and Networks,"InformationTechnology, IT, Data, Communications, Networking, Devices"
InterNetworking,"InformationTechnology, IT, Data, Communications, Networking, Devices"
Introduction to z/OS Networking,"Networking, ComputingTechnology, InformationTechnology, OperatingSystems, Introductory, IBM, zOS"
Database Management,"SQL, Data, Databases, Query, Organizations, Filtering, Sorting, Searching"
Introduction to z/OS Security,"Security, OperatinSystems, Cybersecurity, IBM, zOS"
Project Management,"InformationSystems, ProjectManagement, Lead, Project, People, Relations, Organization"
UNIX,"UNIX, OperatingSystems, ComputerScience, Programming, Coding"
System Design,"Design, CSS, HTML, WebDesign, DigitalDesign, Website, Systems"
Theory of Programming Languages,"Theory, LanguageStudy, LetLang, Compilers, Programming, Coding, Syntax"
Language Study,"LanguageStudy, Coding, Theory, Syntax"
E-Commerce Development and Design,"ECommerce, Business, Design, Coding, Website, Online, Development"
Introduction to Cybersecurity,"Cybersecurity, Coding, Hacking, ComputingTechnology, Security, Testing, Coding"
Hacking and Penetration Testing,"Cybersecurity, Coding, Hacking, ComputingTechnology, Security, Testing, Coding"
Robotics,"Engineering, Programming, Robotics, Coding, ComputingTechnology"
Game Design and Programming I,"Gaming, GameDesign, Technology, Design, ComputingTechnology, Programming"
Game Design and Programming II,"Gaming, GameDesign, Technology, Design, ComputingTechnology, Programming"
Mobile Security,"Cybersecurity, Coding, Hacking, ComputingTechnology, Security, Testing, Coding, Mobile"
Internet Security,"Cybersecurity, Coding, Hacking, ComputingTechnology, Security, Testing, Coding, Internet"
Operating Systems,"Typescript, Coding, Programming, OpertatingSystems, Systems, HTML, Debugging, Design, ComputingTechnology"
Distributed Systems,"Systems, ComputingTechnology, OperatingSystems, Coding, Programming, Computers"
Wireless Communications,"Wireless, Network, Networking, InformationTechnology, Devices, Mobile,  Communications"
Data and Information Management,"Data, DataManagement, InformationTechnology, Communications, Database, Networking"
Technology Entrepreneurship,"ComputingTechnology, Entrepreneurship, Personal, Technology, People, Growth"
Design of Compilers,"Compilers, Coding, LanguageStudy, Programming, Design, Software, ComputingTechnology"
Algorithm Analysis and Design,"Math, Algorithms, Design, Analysis, ComputerScience,  Patterns, Sorting, Searching"
Formal Languages and Computability,"LanguageStudy, ComputingTechnology, Coding, ComputerScience, Language, Compiling "
Computer Graphics,"ComputerGraphics, DigitalGraphics, Graphics, ComputingTechnology, Design, Creativity, DigitalDesign"
z/OS Advanced Topics,"IBM, zOS, ComputerScience, ComputingTechnology"
z/OS Emerging Technologies,"IBM, zOS, ComputerScience, ComputingTechnology"
z/OS Installation,"IBM, zOS, ComputerScience, ComputingTechnology"
z/OS Performance Fundamentals,"IBM, zOS, ComputerScience, ComputingTechnology"
Advanced Topics in CS,"Advanced, Topics, ComputerScience, ComputingTechnology"
Advanced Topics in ITS,"Advanced, Topics, InformationTechnology, InformationSystems"
Advanced Topics in CS,"Advanced, Topics, ComputerScience, ComputingTechnology"
Advanced Topics in ITS,"Advanced, Topics, InformationTechnology, InformationSystems"
IS Policy,"Advanced, Topics, InformationSystems, InformationTechnology, ComputingTechnology, Cappng, Project, Senior"
CS Project I,"Advanced, Topics, ComputerScience, ComputingTechnology, Cappng, Project, Senior"
CS Project II,"Advanced, Topics, ComputerScience, ComputingTechnology, Cappng, Project, Senior"
Advanced Technology Internship,"nformationSystems, InformationTechnology, ComputingTechnology, Internship"
ITS Project I,"Advanced, Topics, InformationSystems, InformationTechnology, ComputingTechnology, Cappng, Project, Senior"
Criminology,"Criminals, CriminalJustice, People, HumanBehavior, Law"
ITS Project II,"Advanced, Topics, InformationSystems, InformationTechnology, ComputingTechnology, Cappng, Project, Senior"
Cloud Infrastructure and Services,"CloudComputing, Cloud, Infrastructure, Systems"
Advanced Facilities Management,"Infrastructure, Systems, Management"
Introduction to Criminal Justice,"Introductory, CriminalJustice, Law, People, Regulationss, HumanBehavior, Forensics, Behavior"
Law and Society,"Law, Society, People, HumanBehavior, Regulationss, Culture, Humans, Community,  CriminalJustice"
Policing in America,"Policy, AmericanStudies, Society, Regulationss, Law, Culture, HumanBehavior, People,  CriminalJustice"
Corrections and Penology,"Regulations, Rules, Law, Policy, People, HumanBehavior, CriminalJustice"
Drug and Alcohol Use and Abuse,"HumanBehavior, Law, Medicine, Drugs, CriminalJustice, DrugAbuse, Criminals, People"
Criminal Law and Procedure," CriminalJustice, Law, Rules, Regulationss, Society, Criminals"
Organized Crime," CriminalJustice, Law, Rules, Regulationss, Society, Criminals, Humans, People, Crime"
Theories of Punishment," CriminalJustice, Law, Rules, Regulationss, Society, Criminals, Humans, People, Crime"
Criminal Justice Research Methods," CriminalJustice, Law, Rules, Regulationss, Society, Criminals, Humans, People, Crime"
Criminal Justice Ethics," CriminalJustice, Law, Rules, Regulationss, Society, Criminals, Humans, People, Crime"
Terrorism," CriminalJustice, Law, Rules, Regulationss, Society, Criminals, Humans, People, Crime"
Race and Crime," CriminalJustice, Law, Rules, Regulationss, Society, Criminals, Humans, People, Crime, Culture"
Senior Seminar: Capping Course,"CriminalJustice, Law, People, Regulationss, HumanBehavior, Forensics, Behavior, Capping, Senior, Project"
The Civilization of Japan,"AsianStudies, Culture, WorldStudies, Society, Civilizations, Japan, People, Community"
Arabic Cultures and Perspectives,"Arabic, EasternStudies, WorldStudies, InternationalStudies, Culture, People, Society, People"
Cultures of Spain,"Spain, Europe, EasternStudies, WorldStudies, InternationalStudies, Culture, People, Society, People"
Cultures of the Hispanic Caribbean,"Caribbean, Spanish, EasternStudies, WorldStudies, InternationalStudies, Culture, People, Society, People"
Introduction to Global Issues,"WorldStudies, GlobalStudies, GlobalIssues, Culture, People, Humans, Society"
France & the World,"France, Europe, Society, EasternStudies, EuropeanStudies, WorldStudies, Community, GlobalStudies"
French Culture & Thought:,"France, Europe, Society, EasternStudies, EuropeanStudies, WorldStudies, Community, GlobalStudies"
Cultures of Latin America,"Spanish, WesternStudies, WorldStudies, InternationalStudies, Culture, People, Society, People"
Themes in Spanish Cinema,"Spanish, WesternStudies, WorldStudies, InternationalStudies, Culture, People, Society, People, Film, Movies, Acting, Actors"
Themes in Latin American Cinema,"Spanish, WesternStudies, WorldStudies, InternationalStudies, Culture, People, Society, People, Film, Movies, Acting, Actors"
Introduction to Data Analysis,"Data, Analysis, Analytics, DataScience, DataAnalysis, Statistics, R"
The Civilization of Italy,"Italy, WorldStudies, Europe, EuropeanStudies, EasternStudies, Civilizations, People, WorldHistory"
Data Visualization,"Data, Analysis, Analytics, DataScience, DataAnalysis, Statistics, R, ComputerGraphics, Visualization, DataVisualization, Charts, Tables"
Machine Learning,"ArtificialIntelligence, MachineLearning, ComputerScience, ComputingTechnology, ComputerEngineering, DataScience, Data"
Economics of Gender,"Economics, GenderStudies, Sex, Gender, Society, Civilization, WorldStudies"
Data Mining & Predictive Analytics,"Data, Analysis, Analytics, DataScience, DataAnalysis, Statistics, R, DataMining, DataPrediction, Predictive"
Data Science Project (CAPSTONE),"Data, Analysis, Analytics, DataScience, DataAnalysis, Statistics, R, DataMining, DataPrediction, Predictive, CapStone"
Principles of MicroEconomics,"Economics, SupplyAndDemand, Supply, Demand, Money, Investing, Tax, Business, Prices"
Principles of MacroEconomics,"Economics, SupplyAndDemand, Supply, Demand, Money, Investing, Tax, Business, Prices"
Economics of Social Issues,"Economics, SupplyAndDemand, Supply, Demand, Money, Investing, Tax, Business, Prices, Social, Society"
Intermediate Microeconomic Theory,"Economics, SupplyAndDemand, Supply, Demand, Money, Investing, Tax, Business, Prices"
Intermediate Macroeconomic Theory,"Economics, SupplyAndDemand, Supply, Demand, Money, Investing, Tax, Business, Prices"
Environmental Economics,"Economics, SupplyAndDemand, Supply, Demand, Money, Investing, Tax, Business, Prices, Environment, EnvironmentalStudies"
Labor Economics,"Economics, SupplyAndDemand, Supply, Demand, Money, Investing, Tax, Business, Prices, Labor"
Money and Banking,"Money, Banking, Finance, Economics, FederalReserve, Cash, Investing, Banks"
Financial Markets and Institutions,"Finance, Economics, Investing, Stocks, Markets, Cash, Money, Banking, Banks, HedgeFunds, Firms"
International Economics,"InternationalStudies, Economics, Money, GlobalStudies, WorldStudies, Banking"
History of Economic Thought,"Economics, PhilosophyMoney, SupplyAndDemand, Supply, Demand, Banks, People"
Contemporary Economic Issues,"Economics, PhilosophyMoney, SupplyAndDemand, Supply, Demand, Banks, People"
Foundations of Education,"Foundational, Education, Teaching, Learning, Children, School, Teacher"
Introduction to Teaching,"Foundational, Introductory, Education, Teaching, Learning, Children, School, Teacher"
Genre Study,"Genre, Study, Books, Reading, Writing, English, Society, Poetry, Poems, Drama"
Special Topics in Education,"Foundational, Introductory, Education, Teaching, Learning, Children, School, Teacher"
Intermediate Writing for College,"Writing, Intermediate, English, College, Books, Literature, Humans, Novel, Teaching, Presentation, Essay"
Writing for College,"Writing, Intermediate, English, College, Books, Literature, Humans, Novel, Teaching, Presentation, Essay"
Introduction to Theatre,"Writing, Intermediate, English, College, Books, Literature, Humans, Novel, Teaching, Presentation, Essay, Acting, Theatre"
Literary Study,"Writing, Intermediate, English, College, Books, Literature, Humans, Novel, Teaching, Presentation, Essay"
Writing as a Discipline,"Writing, Intermediate, English, College, Books, Literature, Humans, Novel, Teaching, Presentation, Essay"
English as a Foreign Language I,"Teaching, LanguageStudy, Education, English, ForeignLanguage, Language"
Introduction to Linguistics,"Language, Writing, Speech, English, Words, LanguageStudy"
English as a Foreign Language II,"Teaching, LanguageStudy, Education, English, ForeignLanguage, Language"
The Art of Poetry,"Reading, English, Literature, Poetry, Style, Writing, Poems"
"Grammar, Style and Editing","Grammar, Writing, Style, English, Teaching, Linguistics, Editing"
Modern Speculative Fiction,"Reading, Books, English, Literature, Modern, Fiction, Writing"
American Literature I,"AmericanStudies, Literature, Reading, Writing, English, Style, Books"
American Literature II,"AmericanStudies, Literature, Reading, Writing, English, Style, Books"
English Literature I,"AmericanStudies, Literature, Reading, Writing, English, Style, Books"
English Literature II,"AmericanStudies, Literature, Reading, Writing, English, Style, Books"
Religious Themes in Literature,"Religion, Society, Humans, Community, Culture, HumanBehavior, WorldStudies, InternationalStudies, Children, FamilyStudies, Literature, Themes, Study, Behavior, WorldStudies"
Literature and Gender,"Literature, Books, Reading, Writing, GenderStudies, Gender, English, Society"
Themes in Shakespeare,"Theatre, Shakespeare, Themes, Reading, Literature, English"
Literary Genres: Drama & Poetry,"Literature, Books, Reading, Writing, English, Society, Poetry, Poems, Drama"
Acting I,"Acting, Theatre, Actors, Play, Script, Writing, Speaking"
Theatre Practicum,"Acting, Theatre, Actors, Play, Script, Writing, Speaking"
Classics of Western Literature,"WesternStudies, Literature, Reading, Writing, Books, English"
Literary Genres: Fiction,"Literature, Reading, Fiction, Genre, English, Books, Writing"
Classics of Western Literature II,"WesternStudies, Literature, Reading, Writing, Books, English"
American Short Fiction,"AmericanStudies, Literature, Reading, Writing, English, Style, Books, Fiction, ShortStories"
Acting II,"Acting, Theatre, Actors, Play, Script, Writing, Speaking"
Creative Writing,"Creativity, Writing, English, Literature, Books, Fiction"
Special Topics in English,"English, Literature, Books, History"
History of the English Language,"History, English, Linguistics, LanguageStudy, Reading, Books, Writing, Style"
World Englishes,"History, English, Linguistics, LanguageStudy, Reading, Books, Writing, Style"
Italian-American Experience,"Italy, AmericanStudies, America, WorldStudies, English, Reading, Literature"
Media Performance,"Media, News, English, Broadcast, Public, Speech"
Literary Critical Theory,"Literature, Reading, Genre, English, Books, Writing, Theory"
Workshop in PlayWriting,"Acting, Theatre, Actors, Play, Script, Writing, Speaking"
The Rise of the English Novel,"English, Books, Novels, LanguageStudy, Literature, Writing, Style"
Poetry Workshop,"Reading, English, Literature, Poetry, Style, Writing, Poems"
Business Writing,"Business, ExecutiveSummary, Writing, English"
Forms in Writing,"Writing, Forms, English, Style"
Shakespeare,"Theatre, Shakespeare, Reading, Literature, English"
The Modern Novel in English,"English, Books, Novels, LanguageStudy, Literature, Writing, Style, Modern"
Modern English and American Poetry,"Reading, English, Literature, Poetry, Style, Writing, Poems, Modern"
Seventeenth-Century Literature,"Literature, Reading, Genre, English, Books, Writing, OldLiterature"
American Drama I,"AmericanStudies, Drama, Literature, Theatre, Writing, Scripts"
Medieval Literature,"Literature, Reading, Genre, English, Books, Writing, OldLiterature, Medieval"
Renaissance Literature,"Literature, Reading, Genre, English, Books, Writing, OldLiterature, Renaissance"
The Romantics,"Love, Reading, Books, Drama, Literature, Theatre, Writing, Scripts"
Victorian Prose and Poetry,"Poems, Poetry, Literature, Books, English, OldLiterature, Writing"
Film and Literature,"FilmStudies, Film, Movies, Literature, English, Writing, Books"
American Drama II,"AmericanStudies, Drama, Literature, Theatre, Writing, Scripts"
Modern Irish Literature,"Literature, Reading, Genre, English, Books, Writing, Modern, Irish"
American Renaissance,"Literature, Reading, Genre, English, Books, Writing, OldLiterature, Renaissance, AmericanStudies"
American Realists and Naturalists,"Literature, Reading, Genre, English, Books, Writing, OldLiterature, Renaissance, AmericanStudies"
American Modernism,"AmericanStudies, Literature, Theatre, Writing, Modern, Books"
Acting III,"Acting, Theatre, Actors, Play, Script, Writing, Speaking"
British Modernism,"British, EasternStudies, Literature, Theatre, English, Writing, Modern, Books"
The History of the Modern Theatre,"Acting, Theatre, Actors, Play, Script, Writing, Speaking, Modern, History"
Directing,"Acting, Theatre, Actors, Play, Script, Writing, Speaking, Directing, Movies, Film"
Ancient Greek Literature,"Literature, Reading, Genre, English, Books, Writing, OldLiterature, Greece, OldLiterature, EasternStudies"
Composition Theory,"Theory, Writing, English, Literature, Books, Composition"
Technical Writing,"Writing, Forms, English, Style, Technical"
Modern Drama,"Drama, Literature, Theatre, Writing, Scripts, Modern"
Modern Jewish Literature,"EasternStudies, Literature, Theatre, English, Writing, Modern, Books, Religious"
Ethnic American Literature,"AmericanStudies, Literature, Reading, Culture, WorldStudies, Society, English"
Junior/Senior Research Seminar,"Junior, Senior, Research, Seminar"
Literature of the Holocaust,"Literature, History, WorldHistory, Writng, Reading, Books, Judaism"
Workshop in Fiction,"Fiction, Books, Workshop, English, Literature, Reading"
Seminar in American Literature,"Seminar, AmericanStudies, Literature, Books, Writing, Themes, Study, English"
Theatre Workshop,"Acting, Theatre, Actors, Play, Script, Writing, Speaking, Workshop"
Advanced ScreenWriting,"Acting, Theatre, Actors, Play, Script, Writing, Speaking, Workshop, Advanced"
Seminar in English Literature,"Seminar, Literature, Books, Writing, Themes, Study, English, Character"
Introduction to Geology Laboratory,"Introductory, English, Lab, Geology, Rocks, Crust, Earth, Stones, Science, EarthScience"
Environmental Economics,"Economics, SupplyAndDemand, Supply, Demand, Money, Investing, Tax, Business, Prices, Environment, EnvironmentalStudies"
Field and Lab Experience,"Lab, Environmental, Science, FieldWork, InPerson, InField. Experience"
Environmental Politics and Policy,"Environment, Policy, Politics, PublicHealth, Society, Nature, PublicPolicy"
Environmental Health,"Health, Environment, PublicHealth, Nature, Humans, People, Society"
Introduction to Geology,"Introductory, English, Geology, Rocks, Crust, Earth, Stones, Science, EarthScience"
Environmental Chemistry Laboratory,"Environment, Science, Lab, Chemistry, EnvironmentalScience, Nature, Society"
Epidemiology,"Disease, Health, PublicHealth, Science, EnvironmentalScience, Environment, Community, Society, Humans, People"
Environmental Chemistry,"Environment, Science, Chemistry, EnvironmentalScience, Nature, Society"
Environmental Microbiology,"Environment, Science, Chemistry, EnvironmentalScience, Nature, Society, Biology, Microbiology"
Ecology: Principles & Practice,"Principles, Ecology, Ecosystem, Nature, Environment, Practice, EnvironmentalScience"
FreshWater Ecology,"FreshWater, Fish, Water, Ecosystem, Nature, EnvironmentalScience, Science, Environment, Ecology"
Environmental Toxicology,"Environment, Science, EnvironmentalScience, Nature, Society, Chemicals, Toxins, Substances, People"
Environmental Planning,"Environment, Science, EnvironmentalScience, Nature, Society, Planning"
Environmental Law,"Environment, Science, EnvironmentalScience, Nature, Society, Law, Rules, Regulationss"
Fashion in Culture & Commerce,"Fashion, Culture, Commerce, Markets, Money, Society, People, Style, Creativity"
Creative Process,"Creativity, Process, Art, Fashion, Design"
Fashion Figure Drawing,"Fashion, Drawing, Design, FashionDesign, Society, People, Style, Creativity, Art"
Fashion Figure Drawing II,"Fashion, Drawing, Design, FashionDesign, Society, People, Style, Creativity, Art"
Fashion Figure Drawing III,"Fashion, Drawing, Design, FashionDesign, Society, People, Style, Creativity, Art"
Fashion Figure Drawing IV,"Fashion, Drawing, Design, FashionDesign, Society, People, Style, Creativity, Art"
Fashion Design I: Drawing & Color,"Fashion, Drawing, Design, FashionDesign, Society, People, Style, Creativity, Art"
Textiles: Studies & Applications,"Fashion, Drawing, Design, FashionDesign, Society, People, Style, Creativity, Art"
Design Studio Techniques,"Fashion, Drawing, Design, FashionDesign, Society, People, Style, Creativity, Art"
Apparel Development I,"Fashion, Drawing, Design, FashionDesign, Society, People, Style, Creativity, Art"
Apparel Development II,"Fashion, Drawing, Design, FashionDesign, Society, People, Style, Creativity, Art"
Fashion Design II: Presentation,"Fashion, Drawing, Design, FashionDesign, Society, People, Style, Creativity, Art"
Digital Fashion Design I,"Fashion, Drawing, Design, FashionDesign, Society, People, Style, Creativity, Art, DigitalDesign, Digital"
Writing for Fashion,"Fashion, Drawing, Writing, Design, FashionDesign, Society, People, Style, Creativity, Art"
Textile Design,"Fashion, Drawing, Design, FashionDesign, Society, People, Style, Creativity, Art"
Digital Fashion Design II,"Fashion, Drawing, Design, FashionDesign, Society, People, Style, Creativity, Art, DigitalDesign, Digital"
Visual Merchandising,"Visual, Merchandise, Markets, Fashion, Design, Style, People, Art, Society"
Event Planning,"EventPlanning, Events, Public, People, Communications, Humans, Fashion"
Fashion Show Production,"Fashion, Shows, Public, Design, Art, Planning, Event"
Product Development,"Product, Development, Art, Markets, Design, Testing, Safety, Business"
Private Label Development,"Product, Development, Art, Markets, Design, Testing, Safety, Business"
Fashion Branding & Licensing,"Product, Development, Art, Markets, Design, Testing, Safety, Business, Brands, Branding, Licensing"
Merchandise Planning & Control,"Merchandise, Markets, Fashion, Design, Style, People, Art, Society, Planning"
Sustainability in Fashion,"Sustainability, Fashion, Environment, Science, Nature, Polution"
"Buying, Planning & Allocation","Merchandise, Markets, Fashion, Design, Style, People, Art, Society, Planning"
Apparel Development III,"Fashion, Drawing, Design, FashionDesign, Society, People, Style, Creativity, Art"
Retail Entrepreneurship I,"Product, Development, Art, Markets, Design, Testing, Safety, Business, Retail, Entrepreneurship"
Apparel Supply Chain Management,"Fashion, Drawing, Design, FashionDesign, Society, People, Style, Creativity, Art, Managment, Business, SupplyChain"
Advanced Fashion Show Production,"Fashion, Shows, Public, Design, Art, Planning, Event"
Knitwear Design,"Fashion, Drawing, Design, FashionDesign, Society, People, Style, Creativity, Art, Knitwear"
History of Modern Fashion,"Modern, Fashion, History, Art, Design, FashionDesign, ModernHistory"
Employment Seminar,"Seminar, Employment, PersonalGrowth, CareerDevelopment"
Global Merchandising Strategies,"Global, Merchandise, Markets, Strategies, Fashion "
Fashion Merchandising Capping,"Global, Merchandise, Markets, Strategies, Fashion, Capping"
Elementary French I,"French, LanguageStudy, Introductory"
Elementary French II,"French, LanguageStudy, Introductory"
Intermediate French I,"French, LanguageStudy"
Intermediate French II,"French, LanguageStudy"
France and the World,"France, French, WorldStudies, GlobalStudies, History, LanguageStudy"
Workshop in Writing,"Writing, Workshops, English"
Workshop in Oral Expression,"Workshops, English, Speech, Oral"
Language and Technology Practicum,"Language, Technology, Practical, Speech"
French Culture & Thought:,"French, France, Culture, WorldStudies"
Contemporary France,"French, France, WorldStudies, Culture"
Internship in French,"French, Internship"
French for Current Affairs,"French, WorldStudies, Culture"
Capping Course,"French, Senior, Capping, LanguageStudy, Project"
Introduction to Games,"Introductory, Games, GameDesign, Media, DigitalMedia"
Colloquium in Games,"Games, GameDesign, Media, DigitalMedia"
Lab Practicum,"Games, GameDesign, Media, DigitalMedia, Lab"
The Business of Games,"Games, GameDesign, Media, DigitalMedia, Business"
Independent Study,"Games, GameDesign, Media, DigitalMedia"
Human-Computer Interaction,"Games, GameDesign, Media, DigitalMedia, Humans, HumanBehavior, Computer, ComputingTechnology"
Game Studio,"Games, GameDesign, Media, DigitalMedia"
Capping,"Game, GameDesign, Capping, Media, DigitalMedia, Design, Capping, Senior, Project"
Game Internship,"Games, GameDesign, Media, DigitalMedia, Internship"
Advanced Game Internship,"Games, GameDesign, Media, DigitalMedia, Internship, Advanced"
Elementary German I,"German, Elementary, Introductory, LanguageStudy, ForeignLangauge, Speaking"
Elementary German II,"German, Elementary, Introductory, LanguageStudy, ForeignLangauge, Speaking"
Intermediate German I,"German, LanguageStudy, ForeignLangauge, Speaking"
Intermediate German II,"German, LanguageStudy, ForeignLangauge, Speaking"
German Language and Culture I,"German, LanguageStudy, ForeignLangauge, Speaking, Culture"
German Language and Culture II,"German, LanguageStudy, ForeignLangauge, Speaking, Culture"
Greek Drama,"Drama, Greece, Background, Literature, Theatre, HumanStudies, Progress, Civilization, Character"
Greek Mythology,"Mythology, Ancient, Greece, Gods, Pantheon, Background, History, HumanStudies, Civilization"
Special Topics I,"Background, Principle, Relative, Progress, Status, Peace, Mission, Border, Public, Human, National, International, Conflict, Abroad, Leadership, Global, SpecialTopics"
Special Topics II,"Literature, GoldenAge, Writing, History, Art, Culture, Character, Novel"
Introduction to Global Issues,"Background, Principle, Relative, Progress, Status, Peace,  Mission, Border, Public, Human, National, International, Conflict, abroad, Leadership, Global, Introductory, Issues"
Human Nutrition,"Human, Sick, Adult, Feed, Report, Active, Cook, Move, Monitor, Diet, Stomach, Patient, Strength, Muscle, Weight, Nutrition, Health"
First Aid/CPR,"Human, Recover, Swim, Hurt, Sick, Adult, Report, Break, Move, Help, Nurse, Monitor, Stomach, Patient, Baby, Save, Practice, HumanBody, CPR, Health"
Special Topics I,"Human, Sick, Adult, Feed, Report, Active, Cook, Move, Monitor, Diet, Stomach, Patient, Strength, Muscle, Weight, Nutrition, Health"
Special Topics II,"Human, Nutrition, HumanBody, SpecialTopics, Twist, Recover, Train, Swim, Strain, Hurt, Sick, Scratch, Adult, Feed, Report, Break, Active, Run, Cook, Move, Help, Harm, Pace, Nurse, Monitor, Diet, Arm, Stomach, Smoke, Patient, Bone, Strength, Muscle, Joint, Weight, Skin, baby, exercise"
Personal and Community Health,"Human, Nutrition, HumanBody, SpecialTopics, Twist, Recover, Train, Swim, Strain, Hurt, Sick, Scratch, Adult, Feed, Report, Break, Active, Run, Cook, Move, Help, Harm, Pace, Nurse, Monitor, Diet, Arm, Stomach, Smoke, Patient,bone, strength, muscle, Joint, Weight, Skin, baby, exercise"
Internship in Global Studies,"Background, Principle, Relative, Progress, Status, Peace,  Mission, Border, Public, Human, National, International, Conflict, Abroad, Leadership, Global, WorldStudies, Internship"
Sport and Exercise Psychology,"Jesus, Discipleship, Faith, Religion, Christianity"
Introduction to Public History,"History, Letter, Evidence, Background, Chart, Principle, Progress, Status, Dream,essay, Peace, Consideration, Detail, Interview, "
Topics in Nutrition,"Human, Sick, Adult, Feed, Report, Active, Cook, Move, Monitor, Diet, Stomach, Patient, Strength, Muscle, Weight, Nutrition, Health"
Afghanistan and its Wars,"History, Battle, Fight, Border, Human, National, Conflict, Attack, War"
Kinesiology,"Human, Recover, Hurt, Sick, Adult, Report, Move, Help, Nurse, Monitor, Patient, Practice, HumanBody, Health"
History of the Holocaust,"History, War, International, Hurt, Humans"
Exercise Physiology,"Human, Recover, Hurt, Sick, Adult, Report, Move, Help, Nurse, Monitor, Patient, Practice, HumanBody, Health"
Themes in Modern History,"History, Letter, Evidence, Background, Chart, Principle, Progress, Status, Dream, Essay, Peace, Consideration, Detail, Interview, Modern"
Introduction to Women's Studies,"Women, Humans, Background, Chart, Principle, Status, Dream, Essay, Peace, Consideration, Detail, Interview, womenStudies, Sex, Progress"
"Political, BlackHistory, History, letter, Evidence, Background, Chart, Principle, Status, Dream,essay, Peace, Consideration, Detail, Interview, HumanStudies, Race, Progress, Social","Political, BlackHistory, History, Letter, Evidence, Background, Chart, Principle, Status, Dream, Essay, Peace, Consideration, Detail, Interview, HumanStudies, Race, Progress, Social"
Catholics in the U.S.,"AmericanStudies, Catholic, Evidence, Background, Chart, Principle, Status, Dream,essay, Peace, Consideration, Detail, Interview, HumanStudies, Religion, Progress, Social"
New York: The Empire State,"AmericanStudies, History, Evidence, Background, Chart, Principle, Status, Dream, Essay, Peace, Consideration, Detail, Interview, HumanStudies, Progress, Social, NewYork"
Continuity and Change in Warfare,"History, Battle, Fight, Border, Human, National, Conflict, Attack, War, Change"
Ancient Greece,"History, Greece, Evidence, Background, Status, Essay, Peace, Consideration, Detail, HumanStudies, Progress, Civilization"
Ancient Rome,"History, Rome, Evidence, Background, Status, Essay, Peace, Consideration, Detail, HumanStudies, Progress, Civilization"
Medieval Europe,"History, Europe, Medieval, Evidence, Background, Status, Essay, Peace, Consideration, Detail, HumanStudies, Progress, Civilization"
Early Modern Europe,"History, Modern, Europe, Evidence, Background, Status, Essay, Peace, Consideration, Detail, HumanStudies, Progress, Civilization"
U.S. Women's History,"History, AmericanStudies, Women, Background, Chart, Principle, Status, Dream, Essay, Peace, Consideration, Detail, Interview, WomenStudies, Sex, Progress"
Catholic Church in Modern Times,"Modern, Catholic, History, Church, Background, Principle, Status, Essay, Consideration, Detail, Interview, HumanStudies, Religion, Progress"
African American History,"AfricanAmerican, History, Evidence, Background, Chart, Principle, Status, Dream, Essay, Peace, Consideration, Detail, Interview, HumanStudies, Race, Progress, Social"
Modern Europe,"History, Europe, Modern, Evidence, Background, Status, Essay, Peace, Consideration, Detail, HumanStudies, Progress, Civilization"
The Ancient East,"History, East, ancient, Evidence, Background, Status, Essay, Peace, Consideration, Detail, HumanStudies, Progress, Civilization"
Colonial Latin America,"History, Colonial, LatinAmerica, Evidence, Background, Status, Essay, Peace, Consideration, Detail, HumanStudies, Progress, Civilization"
Modern Latin America,"History, Modern, LatinAmerica, Evidence, Background, Status, Essay, Peace, Consideration, Detail, HumanStudies, Progress, Civilization"
Italian-American Experience,"History, ItalianAmerican, Experience, AmericanHistory, Background, Status, Essay, Peace, Consideration, Detail, HumanStudies, Progress, Civilization"
Modern Africa,"History, Modern, Africa, Evidence, Background, Status, Essay, Peace, Consideration, Detail, HumanStudies, Progress, Civilization"
Women In Asia,"History, Women, Asia, Evidence, Background, Status, Essay, Peace, Consideration, Detail, HumanStudies, Progress, Civilization, Chart, Principle, WomenStudies, Sex"
Traditional Asia,"History, Traditional, Asia, Evidence, Background, Status, Essay, Peace, Consideration, Detail, HumanStudies, Progress, Civilization"
Modern Asia,"History, Modern, Asia, Evidence, Background, Status, Essay, Peace, Consideration, Detail, HumanStudies, Progress, Civilization"
Traditional China,"History, Traditional, China, Evidence, Background, Status, Essay, Peace, Consideration, Detail, HumanStudies, Progress, Civilization"
Modern China,"History, Modern, Asia, Evidence, Background, Status, Essay, Peace, Consideration, Detail, HumanStudies, Progress, Civilization"
Irish Experience in America,"History, Irish, Experience, AmericanHistory, Background, Status, Essay, Peace, Consideration, Detail, HumanStudies, Progress, Civilization"
Patterns of Immigration,"History, Immigration, Experience, International, Background, Status, Chart, Essay, Peace, Consideration, Detail, HumanStudies, Progress, Civilization, Move"
History of American Manhood,"History, Manhood, Experience, AmericanHistory, Background, Status, Essay, Peace, Consideration, Detail, HumanStudies, Progress, Sex"
Rock 'n Roll as U.S. History,"History, RockAndRoll, Experience, AmericanHistory, US, Background, Status, Essay, Peace, Consideration, Detail, HumanStudies, Progress, Music"
American Colonial Experience,"History, Colonial, Experience, AmericanHistory, Background, Status, Essay, Peace, Consideration, Detail, HumanStudies, Progress, Civilization"
American Revolution,"History, AmericanHistory, Battle, Fight, Human, National, Conflict, Attack, War, Change, Revolution"
American Diplomatic History,"History, Diplomatic, Experience, AmericanHistory, Background, Status, Essay, Peace, Consideration, Detail, HumanStudies, Progress, Civilization"
History of American Feminism,"History, Feminism, Experience, AmericanHistory, Background, Status, Essay, Peace, Consideration, Detail, HumanStudies, Progress, Women, Sex"
Women and Religion in America,"History, Women, Religion, Experience, AmericanHistory, Background, Status, Essay, Peace, Consideration, Detail, HumanStudies, Progress, Sex"
The Vietnam War,"History, War, Vietnam, AmericanHistory, Battle, Fight, Human, National, Conflict, Attack, Change"
"Sex, Disease, and Death in America","History, Sex, Disease, Death, Experience, AmericanHistory, Background, Status, Essay, Peace, Consideration, Detail, HumanStudies, Progress"
History of the American Presidency,"History, Presidency, Experience, AmericanHistory, Background, Status, Essay, Peace, Consideration, Detail, HumanStudies, Progress, Political"
French Revolution and Napoleon,"History, French, Revolution, napolean, Battle, Fight, Human, National, Conflict, Attack, War, Change"
Drug Trade in Asia,"History, Drug, Trade, Asia, Experience, Background, Status, Essay, Consideration, Detail, HumanStudies, International"
Civil War and Reconstruction,"History, AmericanHistory, CivilWar, Battle, Fight, Human, Internal, Conflict, Attack, War, Change, Reconstruction"
Race in Latin American History,"History, Race, LatinAmerica, Evidence, Background, Status, Essay, Consideration, Detail, HumanStudies, Progress, Civilization"
Film & History,"History, Film, Background, Essay, Detail, HumanStudies, Civilization"
Special Topics in History I,"History, SpecialTopics, Background, Status, Essay, Peace, Consideration, Detail, HumanStudies, Progress, Civilization"
Special Topics in History II,"History, SpecialTopics, Background, Status, Essay, Peace, Consideration, Detail, HumanStudies, Progress, Civilization"
Special Topics in History III,"History, SpecialTopics, Background, Status, Essay, Peace, Consideration, Detail, HumanStudies, Progress, Civilization"
Honors Seminar in Ethics,"Ethics, Honors, Seminar, Background, HumanStudies, Progress, Morals"
Honors First Year Seminar,"Honors, Seminar, FirstYear"
Honors Writing for College,"Honors, Writing"
F.D.R. Seminar,"FDR, Seminar, Honors, AmericanHistory, Presidency"
Capping Course,"SeniorYear, Capping, Honors"
Public History Internship,"History, Public, Internship, Letter, Evidence, Background, Chart, Principle, Progress, Status, Dream, Essay, Peace, Consideration, Detail, Interview"
Moral Foundations,"Moral, Honors, Seminar, Background, HumanStudies, Progress, Foundations"
Quantitative Analysis,"Honors, Quantitative, Analysis, Development, Math, ComputerScience"
Creativity,"Design, Creativity, Aesthetics, Art, Expression, Honors, Ideal"
Society,"Society, History, HumanStudies, Honors"
Honors-by-Contract,"Honors, Contract"
Honors Thesis Project,"Honors, Thesis, Project"
Honors Senior Seminar,"Honors, Seminar, SeniorYear"
Capping Experience,"Honors, SeniorYear, Capping, Experience"
Perspectives on Education,"Education, Perspectives, Experience"
Perspectives on the Humanities,"Perspectives, Humanities"
Internship in Professional Studies,"ProfessionalStudies, Internship"
Exploring Business & Management,"Business, BusinessManagement, BusinessAdministration, Operations, Money, Excel, CashFlows, Taxes, SupplyAndDemand, OperationChain"
Managing Organizations,"Business, BusinessManagement, Organizations, OperationChain"
Legal Issues in Organizations I,"Law, Legal, Issues, Organizations, Corporate, People, Regulations, People, Evidence"
Legal Issues in Organizations II,"Law, Legal, Issues, Organizations, Corporate, People, Regulations, People, Evidence"
Managing Human Resources,"Business, BusinessManagement, Organizations, Humans, HumanBehavior, HumanResources"
Behaviors in Organizations,"HumanBehavior, Organizations, Humans, HumanResources"
Issues in Leadership,"Issues, HumanBehavior, Management, Leadership"
Strategic Leadership & Innovation,"Leadership, Innovation, Leadership, HumanBehavior"
Leadership in the Global Workplace,"Leadership, Global, Workplace, HumanBehavior"
Foundations of Marketing,"Foundations, Marketing, Advertising, Research, Business, Sales, People"
Elementary Italian I,"Italian, Language, Elementary "
Elementary Italian II,"Italian, Language, Elementary"
Intermediate Italian I,"Italian, Language, Intermediate"
Intermediate Italian II,"Italian, Language, Intermediate"
Italian Literature,"Italian, Language, Literature, Character"
Advanced Italian I,"Italian, Language, Advanced"
Civilization of Italy,"Italy, Civilizations, Humans"
Italian Cinema,"Italian, Cinema, Film"
Capping Course,"Italian, Capping, SeniorYear"
Italian for Conversation,"Italian, Language, Conversation"
Advanced Reading and Composition,"Italian, Reading, Advanced, Composition"
Elementary Japanese I,"Japanese, Language, Elementary"
Elementary Japanese II,"Japanese, Language, Elementary"
Intermediate Japanese I,"Japanese, Language, Intermediate"
Intermediate Japanese II,"Japanese, Language, Intermediate"
The Civilization of Japan,"Japanese, Civilizations, Humans"
Elementary Latin I,"Latin, Language, Elementary"
Elementary Latin II,"Latin, Language, Elementary"
Intermediate Latin I,"Latin, Language, Intermediate"
Intermediate Latin II,"Latin, Language, Intermediate"
Self Development,"SelfDevelopment, Learning, Humans, HumanBehavior"
Critical Reading and Thinking,"CriticalReading, Thinking, Humans"
Precalculus,"Precalculus, Math, Logic, Reasoning"
Transfer Seminars,"Transfer, Seminars"
The College Experience,"College, Experience"
Introductory Statistics I,"Introductory, Statistics"
Intermediate Algebra,"Intermediate, Algebra, Math, Logic, Reasoning"
Introductory Statistics II,"Introductory, Statistics, Math, Logic, Reasoning"
Discrete Mathematics,"DiscreteMathematics, Logic, Reasoning"
Linear Algebra,"LinearAlgebra, Logic, Math, Reasoning"
Introduction to Data Analysis,"Introductory, DataAnalysis, Math, Logic, Reasoning"
Discrete Mathematics II,"DiscreteMathematics, Logic, Reasoning"
Differential Equations,"DifferentialEquations, Logic, Math, Reasoning"
Probability and Statistics,"Probability, Statistics, Logic, Math, Reasoning"
Operational Models,"OperationalModels, Math, Logic, Reasoning"
Applied Statistics,"AppliedStatistics, Math, Logic, Reasoning"
Calculus III,"Calculus, Math, Logic, Reasoning"
Calculus I,"Calculus, Math, Logic, Reasoning"
Special Topics in Mathematics I,"SpecialTopics, Mathematics"
Special Topics in Mathematics II,"SpecialTopics, Mathematics"
Calculus II,"Calculus, Math, Logic, Reasoning"
Math Practicum,"MathPracticum, Logic, Reasoning"
Applied Mathematics II,"AppliedMathematics, Logic, Reasoning"
Abstract Algebra I,"AbstractAlgebra, Logic, Reasoning, Math"
Complex Analysis,"ComplexAnalysis, Logic, Math, Reasoning"
Abstract Algebra II,"AbstractAlgebra, Logic, Reasoning, Math"
Computational Linear Algebra,"LinearAlgebra, Computational, Logic, Math, Reasoning"
Mathematical Analysis I,"MathematicalAnalysis, Logic, Reasoning"
Mathematical Analysis II,"MathematicalAnalysis, Logic, Reasoning"
Operations Research,"Operations, Research, SupplyAndDemand, OperationChain"
Numerical Analysis,"NumericalAnalysis, Math, Logic, Analysis"
Combinatorics,"Combinatorics, Math, Counting, FiniteStructures"
Fundamental Concepts of Geometry,"Geometry, FundamentalConcepts, Math, Logic, Reasoning"
Applied Mathematics I,"AppliedMathematics, Logic, Reasoning"
Elementary Topology,"ElementaryTopology, Math, Logic, Reasoning"
Foundations of Mathematics,"Fundamentals, Math, Logic, Reasoning"
Art of Film,"Art, Film, Culture"
Writing for Media,"Writing, Media, Culture, Language, English"
Video Production,"Video, Production, Film, Art, Editing, Culture"
Capping Course,"Capping, SeniorYear"
Introduction to Media Studies,"Introductory, MediaStudies, Film, Art, Culture"
Digital Toolbox,"Digital, Toolbox, Editing, Film, Art, Aesthetics, Ideal"
Introduction to Design,"Introductory, Design, Film, Art, Culture"
Acting I,"Acting, Film, Media, Culture"
Interactive Media I,"Interactive, MediaStudies, Film, Art, Culture"
Editing,"Film, Media, Editing, Art, Aesthetics, Ideal"
Audio Production,"Production, Audio, Editing, Film, Art"
Online Culture,"Online, Culture, SocialMedia"
Storytelling Across Media,"Media, Storytelling, Art, Aesthetics"
Lighting and Cinematography,"Media, Storytelling, Art, Aesthetics, Ideal, Ideal"
Media Performance,"Media, Performance, Art, Film, Aesthetics, Ideal"
Game Design I,"GameDesign, Aesthetics, Art, Gaming, Ideal"
Ethics and Gaming,"Ethics, Gaming, Morals, Humans, HumanBehavior"
Interactive Media II,"Interactive, MediaStudies, Film, Art, Culture"
History of Electronic Media,"History, ElectronicMedia, Film, Gaming, Technology, HumanBehavior"
Media Theory and Methods,"Media, Theory, Methods, Culture, Society, Reasoning"
Television Theory and Criticism,"Television, Theory, Criticism, Film, Media"
Race and Ethnicity in Film,"Race, Ethnicity, Film, Media, Art, Culture, Identity, Representation"
Current Issues in Television,"CurrentIssues, Television, Reasoning"
Film Theory and Criticism,"Theory, Film, Criticism, Art, Media"
Film and History,"History, Film, Art, Media, Aesthetics, Ideal"
Experimental Film and Video,"Experimental, Film, Video, Aesthetics, Media, Art, Ideal"
Documentary Film,"Documentary, Film, Video, Aesthetics, Media, Art, Ideal"
Current Issues in Film,"Issues, Current, Film, Society, Video, Aesthetics, Media, Art, Ideal"
Gender and Media,"Media, Gender, Sex, Social"
Film and Literature,"Film, Literature, Storytelling, Media, Aesthetics, Character, Ideal"
Directing,"Directing, Film, Storytelling, Art"
Digital Filmmaking,"Digital, FilmMaking, Film, Art, Storytelling"
Media Internship,"Media, Internship"
Game Design II,"GameDesign, Aesthetics, Art, Gaming, Ideal"
Advanced ScreenWriting,"ScreenWriting, Advanced, Film, Media, Art"
Advanced Post Production,"Advanced, PostProduction, Film, Art, Editing, Media"
Multi-Camera Production,"MultiCamera, Production, Film, Art, Aesthetics, Media, Ideal"
Topics in Interactive Media,"Topics, Interactive, Media, Film, Art, Aesthetics, Ideal"
Topics in Television,"Topics, Television, Film, Media, Art, Aesthetics, Ideal"
Topics in Global Cinema,"Topics, Cinema, Global, Film, Media, Art, Aesthetics, Ideal"
Advanced Media Internship,"Advanced, Media, Internship, Film, Art"
Media Studies Capping,"Media, Studies, Capping, Film, Art"
Hematology I,"Medicine, Cause, Prognosis, Treatment, DiseasePrevention, Blood"
Methods In Medical Technology,"Methods, Medical, Technology, Science"
Clinical Microbiology I,"Clinical, Microbiology, Medical, Science"
Clinical Chemistry I,"Clinical, Chemistry, Medical, Science"
Clinical Microscopy I,"Clinical, Microscopy, Medical, Science"
Clinical Microbiology II,"Clinical, Microbiology, Medical, Science"
Clinical Chemistry II,"Clinical, Chemistry, Medical, Science"
Hematology II,"Medicine, Cause, Prognosis, Treatment, DiseasePrevention, Blood"
Clinical Microscopy II,"Clinical, Microscopy, Medical, Science"
Topics in Medical Technology,"Topics, Medical, Technology, Science"
Intermediate Vocal Skills II,"Intermediate, Vocals, Skills, Music, Singing "
Independent Vocal Study,"Independent, Vocals, Skills, Music, Singing, Study"
Choral Singing I,"Choral, SingingVocals, Skills, Music "
Choral Singing II,"Choral, SingingVocals, Skills, Music "
Beginning Vocal Skills I,"Beginning, VocalSkills, Singing, Music"
Beginning Vocal Skills II,"Beginning, VocalSkills, Singing, Music"
Intermediate Vocal Skills I,"Intermediate, VocalSkills, Singing, Music"
Choral Singing III,"Choral, SingingVocals, Skills, Music "
Choral Singing IV,"Choral, SingingVocals, Skills, Music "
Marist College Singers Men,"Singers, Men, Music"
Marist College Singers Women,"Singers, Women, Music"
Beginning Instrumental Skills II,"Beginning, Instrumental, Skills, Music"
Intermediate Instrumental Skills I,"Intermediate, Instrumental, Skills, Music"
Marist College Chapel Choir,"Chapel, Choir, Music, Singing"
Independent Instrumental Study,"Independent, Instrumental, Study, Music"
Marist College Gospel Choir,"Gospel, Choir, Music, Singing"
Marist College Chamber Singers,"Chamber, Singers, Music, Singing"
Brass Ensemble,"Brass, Ensemble, Music"
Beginning Instrumental Skills I,"Beginning, Instrumental, Skills, Music"
Flute Choir,"Flute, Choir, Music, Instrumental, Skills"
Beginning Piano I,"Beginning, Piano, Music, Instrumental, Skills"
Woodwind Ensemble,"Woodwind, Ensemble, Music, Instrumental, Skills"
Orchestra,"Orchestra, Ensemble, Music, Instrumental, Skills"
Handbell Choir,"Handbell, Choir, Music, Ensemble, Instrumental, Skills"
Symphonic Band and Wind Symphony,"Percussion, Ensemble, Music, Instrumental, Skills"
Wind Symphony,"Symphonic, Wind, Ensemble, Instrumental, Music, Skills"
Guitar Ensemble,"Guitar, Ensemble, Music, Instrumental, Skills"
Percussion Ensemble,"Percussion, Ensemble, Music, Instrumental, Skills"
Beginning Piano II,"Beginning, Piano, Music, Instrumental, Skills"
Advanced Piano,"Advanced, Piano, Music, Instrumental, Skills"
Sight Reading,"SightReading, Music, Skills, Theory"
Theory of Music I,"Theory, Music, Skills "
Theory of Music II,"Theory, Music, Skills"
Introduction to Music,"Introduction, Music, Skills, Art"
Jazz and Sound,"Jazz, Sounds, Music, Art, Theory"
Baroque Masters,"Baroque, Masters, Music, Theory, Skills"
Music Cultures of the World,"Music, Culture, World, Global"
Popular Music in America,"Popular, Music, America, Culture, Genre"
History of the Music Industry,"History, Music, MusicIndustry"
History of Motion Picture Music,"History, MotionPicture, Music"
Beethoven and Schubert,"Beethoven, Schubert, Music, Theory, Skills"
Opera,"Opera, Music, Classical, Skills, Singing"
Music in America,"Music, America, AmericanHistory, Culture, Society"
Medieval and Renaissance Music,"Medieval, Renaissance, Music, History, Culture"
Special Topics in Music I,"SpecialTopics, Music"
Special Topics in Music II,"SpecialTopics, Music"
Special Topics in Music III,"SpecialTopics, Music"
Introduction to Law,"Introductory, Law, Justice, Society, Rules, Regulations, Evidence"
Real Property and Title Search,"RealProperty, TitleSearch, Rules, Regulationss, Evidence"
Juvenile Law and Procedures,"JuvenileLaw, Law, Procedures, Rules, Regulationss, Evidence"
Criminal Law,"Criminal, Law, Procedures, Regulationss, Rules, Evidence"
Administrative Law,"Wills, Trusts, Estates, Law, Procedures, Regulations, Rules"
Business Law II,"BusinessLaw, Law, Procedures, Regulationss, Rules"
Business Law I,"BusinessLaw, Law, Procedures, Regulationss, Rules"
"Wills, Trusts, Estates","Wills, Trusts, Estates, Law, Procedures, Regulationss, Rules"
Family Law,"FamilyLaw, Law, Procedures, Regulationss, Rules, Evidence"
Corporate Law,"CorporateLaw, Law, Procedures, Regulationss, Rules, Evidence"
Law and Society,"Law, Society, Procedures, Regulationss, Rules, Evidence"
Civil Litigation and Practice,"civilLitigation, Practice, Procedures, Regulationss, Rules, Evidence"
Introduction to Logic,"Introductory, Logic, CriticalThinking"
Labor Relations Law,"LaborRelations, Law, Procedures, Regulationss, Rules, Evidence"
Ancient Philosophy,"Ancient, Philosophy, History, International "
Philosophical Perspectives,"Philosophical, Perspectives"
World Views and Values,"World, Views, Values, Global, Society"
Ethics,"Ethics, Morals, CriticalThinking, Theory, Society"
Modern Philosophy,"Modern, Philosophy, CriticalThinking"
Philosophy of Education,"Philosophy, Education, CriticalThinking"
Pragmatism,"Pragmatism, Philosophy, ProblemSolving, CriticalThinking"
Social and Political Philosophy,"Social, Political, Philosophy, Society"
Existentialism,"Existentialism, Philosophy, FreeWill "
Environmental Ethics,"Environmental, Ethics, Morals, Society"
Philosophy and Technology,"Philosophy, Technology, Logic, Society, CriticalThinking"
Aesthetics,"Aesthetics, Preferences, BeautyPrinciples, ArtisticTaste, Ideal"
Symbolic Logic,"SymbolicLogic, Logic, Theory, Reasoning"
Medieval Philosophy,"Medieval, Philosophy, CriticalThinking "
Philosophy of History,"Philosophy, History, Society"
Contemporary Analytic Philosophy,"Contemporary, Analytic, philosophy"
Philosophy of Religion,"Philosophy, Religion, criticalHistory"
Philosophy and Film,"Philosophy, Film, Movies, Art, CriticalThinking"
MetaPhysics: The Nature of Reality,"MetaPhysics, Nature, Reality, Consciousness, "
Marx and Marxism,"Marx, Philosophy, Communism, Economic, Political, Social"
Philosophy of Mind,"Philosophy, Mind, Humans"
Capping Course,"Capping, SeniorYear"
Volleyball,"Volleyball, PhysicalEducation, Team, Sports"
Golf,"Golf, PhysicalEducation, Team, Sports"
Archery,"Archery, PhysicalEducation, Team, Sports"
Conditioning,"Conditioning, PhysicalEducation"
Tennis,"Tennis, PhysicalEducation, Team, Sports"
Modern Dance I,"Modern, Dance, PhysicalEducation, Team, Sports"
Modern Dance II,"Modern, Dance, PhysicalEducation, Team, Sports"
Boxing,"Boxing, PhysicalEducation, Team, Sports"
Physiology of Health,"Physiology, Health, Study, HumanBody"
Racquetball,"Racquetball, PhysicalEducation, Team, Sports"
Beginning Classical Ballet,"Beginning, Classical, Ballet, PhysicalEducation"
Fencing,"Fencing, PhysicalEducation, Team, Sports"
Sailing,"Sailing, PhysicalEducation, Team, Sports"
Sports in Society,"Sports, Society, PhysicalEducation"
Beginning Swimming (Non-Swimmers),"Beginning, Swimming, PhysicalEducation, Sports"
Soccer Coaching,"Soccer, Coaching, PhysicalEducation, Sports"
Karate I,"Karate, PhysicalEducation, Sports"
Yoga,"Yoga, PhysicalEducation"
Basketball Coaching,"Basketball, Coaching, PhysicalEducation, Sports"
Springboard Diving,"Springboard, Diving, PhysicalEducation, Sports"
Baseball Coaching,"Baseball, Coaching, PhysicalEducation, Sports"
Fly Fishing,"FlyFishing, PhysicalEducation, Sports"
Football Coaching,"Football, Coaching, PhysicalEducation, Sports"
Scuba Diving,"ScubaDiving, PhysicalEducation, Sports"
Movement in Sports,"Movement, Sports, PhysicalEducation"
Modern Physics,"Modern, Physics, Science, Logic, Reasoning"
Introduction to Cosmology,"Introductory, Cosmology, Science"
Physics of Modern Technology,"Physics, Modern, Technology, Science"
College Physics I,"College, PhysicsScience"
College Physics II,"College, PhysicsScience"
General Physics I,"General, PhysicsScience"
General Physics II,"General, PhysicsScience"
American National Government,"American, National, Government, AmericanHistory, Policy"
Introduction to Political Theory,"Introductory, Political, Theory, CrticialThinking, PoliticalScience"
International Relations,"International, Relations, Cultures, Society, Security"
American State and Local Politics,"American, State, Local, Politics, Society, Campaign"
Polling and the Survey Instrument,"Polling, Survey, Instrument, Politics, Voting, Society, Campaign"
Survey Design and Data Collection,"Survey, Design, DataCollection, Politics, Society"
Polling and the Media,"Polling, Media, Politics, Society, Campaign"
Environmental Politics and Policy,"Environmental, Politics, Policy, Rules, Society, Campaign"
Politics of Human Rights,"Politics, Human, Rights, Society, Campaign"
Gender and the Law,"Gender, Sex, Law, Rules, Procedures"
Modern Political Thought,"Modern, PoliticalThought, Society, CriticalThinking"
Catholics in the U.S.,"Catholics, US, America, AmericanHistory, Religion"
American Political Thought,"American, Politics, AmericanHistory, CriticalThinking, Campaign"
Politics of Developing Areas,"Politics, DevelopingAreas, Humans, Campaign"
Introduction to Public Policy,"Introductory, PublicPolicy, Political, Theory, crticialThinking, PoliticalScience"
Classical Political Thought,"Classical, PublicPolicy, Political, Theory, crticialThinking, PoliticalScience"
European Politics,"European, Politics, Society, Campaign"
International Law and Organization,"International, Law, Organizations, Society"
Italian-American Experience,"ItalianAmerican, Experience, AmericanHistory"
Model United Nations,"ModelUnitedNations, International, Society, Politics"
Public Opinion and Politics,"PublicOpinions, Politics, Society, Campaign"
Political Social Movements,"Political, Social, Movements, HumanBehavior"
Politics of Prejudice,"Politics, Prejudice, Discrimination, Society, Campaign"
Public Administration,"Public, Administration, Policy, mangement, Processes, FinancialManagement"
Race and Political Thought,"Race, PoliticalThought, Society, Discrimination"
Policy Implementation,"Policy, implementation, Government, Goals, Objectives"
International Political Economy,"International, Political, Economy, Society, Government"
Feminist Political Thought,"Feminist, PoliticalThought, HumanBehavior, Politics, Society, Campaign"
Contemporary Political Theory,"Contemporary, Political, Theory, Society"
Latin American Politics,"LatinAmerican, Politics, Policy, History, Government, Campaign"
African Politics,"AfricanPolitics, Policy, History, Government, Campaign"
Environmental Planning,"EnvironmentalPlanning, Politics, Policy, Society"
Congress Today,"CongressToday, Modern, Government, Society"
Capping: Law and Morality,"Capping, SeniorYear, Law, Morality"
Introduction to Psychology,"Introductory, Psychology, HumanBehavior, CriticalThinking"
Psychology Seminar,"Psychology, seminar, HumanBehavior, CriticalThinking"
Personality Development,"Personality, Development, HumanBehavior, Humans"
Theories of Personality,"Theories, Personality, Development, HumanBehavior, Humans"
Social Psychology,"Social, Psychology, Situations, SocialEnvironments, Behaviors, HumanBehavior "
Abnormal Psychology,"Abnormal, Psychology, UnusualPatterns, Emotion, Thought, HumanBehavior"
Psycho-Biological Sex Differences,"Sex, Differences, PsychoBiological, HumanBehavior, Physical"
Community Psychology,"Community, Psychology, Humans, HumanBehavior, Society, Groups, Organizations, Institutions"
The Exceptional Child,"ExceptionalChild, Psychology, Humans, HumanBehavior"
Educational Psychology,"Educational, Psychology, Society, HumanBehavior"
The Psychology of Sleep,"SleepPsychology, HumanBehavior, CriticalThinking"
"EnvironmentalPlanning, Politics, Policy, Society","PsychoBiology, Lab, CriticalThinking, Science, HumanBehavior"
Psychopharmacology and Lab,"CriticalReading, Thinking, Humans"
Ethics and Professional Issues,"Ethics, ProfessionalIssues, Morals"
Human FActors Psychology,"HumanFactors, Psychology, Science, HumanBehavior"
Child Development,"Children, Development, Humans, HumanBehavior, Science"
Psychology of the Adolescent,"Psychology, Adolescence, Children, Humans, HumanBehavior"
Adult Development,"Adult, Development, Humans, HumanBehavior, Science"
Lifespan Development,"Lifespan, Development, Humans, HumanBehavior, Science"
Culture and Psychology,"Culture, Psychology, Society, Humans, HumanBehavior"
Psychology of Women,"Psychology, Women, Sex, HumanBehavior, Humans, CriticalThinking, Society "
Fundamentals of Counseling,"Fundamentals, Counseling, Humans, HumanBehavior"
Measurement and Evaluation,"Measurement, Evaluation, Comparison, Learning, Humans"
Cognitive Psychology,"Cognitive, Psychology, Internal, MentalProcesses, ProblemSolving, Perception "
Special Topics in Psychology I,"SpecialTopics, Psychology, HumanBehavior"
Special Topics in Psychology II,"SpecialTopics, Psychology, HumanBehavior"
Psychological Research Methods III,"SpecialTopics, Psychology, Research, Methods, HumanBehavior"
Educational Psychology Seminar,"Educational, Psychology, Seminar, Society, HumanBehavior"
Contemporary Religious Education,"Contemporary, Religious, Education, Principles, Faith, Modern"
Judaism,"Judaism, Religious, Educational, Faith"
World Religions,"WorldReligions, Religious, Educational, Faith, Global"
Supervised Research,"SupervisedResearch, WrittenAnalysis, LegalIssue"
Introduction to Religion,"Introductory, Religious, ReligiousStudies, Spirituality"
Religion in America,"Religion, America, ReligiousStudies, AmericanStudies"
Christianity,"Christianity, ReligiousStudies, Faith"
Film and the Bible,"Film, Bible, Religion, Faith, Spirituality, Art"
Religious Themes in Literature,"Religious, Themes, Literature, Spirituality, Faith, Writing, Art, Character"
Stories of India,"Stories, India, Cultural, History, Art, Literature, Character"
Ancient Greek Religion,"Ancient, Greek, Religion, Pantheon, Stories, Mythology"
Catholics in the U.S.,"Catholics, US, AmericanHistory, Religion, Faith, Spirituality"
Sociology of Religion,"Sociology, Religion, HumanBehavior, Faith"
Jesus and Discipleship,"Jesus, Discipleship, Faith, Religion, Christianity"
Social Ethics and Economics,"SocialEthics, Economics, Morals, Society, HumanBehavior"
Judeo-Christian Scriptures,"JudaeoChristian, Scriptures, Literature, Christianity, Religion, Character"
Religion and Politics,"Religion, Politics, Church, State, Faith, Society, Government"
Religion and Culture,"Religion, Culture, Society, Faith, Spirituality, Community"
Catholic Thought and Spirituality,"CatholicThought, Spirituality, Religion, Faith, HumanBehavior"
"Prison, Praxis and Prisoners","Prison, Praxis, Prisoners, Government, Society, Humans, HumanBehavior "
Global Liberation Theology,"Global, Liberation, Theology, MarginalizedCommunities, EconomicEquality"
Public Praxis I,"Public, Praxis, PublicLife, SocialDisintegration"
Public Praxis II,"Public, Praxis, PublicLife, SocialDisintegration"
Philosophy of Religion,"Philosophy, Religion, HumanBehavior, CriticalThinking"
Psychology and Religion,"Psychology, Religion, HumanBehavior, CriticalThinking, ScientificStudy"
Spirituality and Human Development,"Spirituality, Humans, Development, HumanBehavior"
Capping Course,"Capping, SeniorYear"
Introduction to Social Work,"Introductory, SocialWork, Society"
Domestic Violence Prevention,"DomesticViolence, Prevention, SocialWork"
Social Service: Theory & Practice,"SocialService, Theory, Practice, SocialWork, Humans, Society"
Alcoholism and the Family,"Alcoholism, Family, SocialWork"
Social-service population.,"SocialService, Population, Practice, SocialWork, Humans, Society"
Addictions and Diverse Populations,"Addictions, DiversePopulations, SocialWork, Humans"
Junior Field Education,"JuniorFieldEducation, FieldExperience, Experience, SocialWork"
Social Work Methods I,"SocialWork, Methods"
Social Work Methods II,"SocialWork, Methods"
Senior Integrative Seminar/Capping,"SocialWork, Methods"
Social Change,"SocialChange, SocialWork, Humans, HumanBehavior, Society"
Introduction to Sociology,"Introductory, Sociology, HumanBehavior, Community, Society, Humans"
Social Problems,"SocialProblems, SocialWork, Humans, HumanBehavior, Society"
Social Deviance,"SocialDeviance, SocialWork, Humans, HumanBehavior, Society"
Sociology of Religion,"ReligiousSociology, Religion, Sociology, HumanBehavior, Community, Society, Humans"
Juvenile Delinquency,"JuvenileDelinquency, SocialWork, Sociology, HumanBehavior, Community, Society, Humans"
Sociology of Community,"CommunitySociology, Sociology, HumanBehavior, Community, Society, Humans"
Sociology of Education,"EducationSociology, Education, Sociology, HumanBehavior, Community, Society, Humans"
Popular Culture,"PopularCulture, Society, Trends, Community, HumanBehavior, Humans"
Special Topics in Sociology I,"SpecialTopics, Sociology, HumanBehavior "
Special Topics in Sociology II,"SpecialTopics, Sociology, HumanBehavior"
Social Inequality,"SocialInequality, Inequality, SocialWork, Community, Society, Humans"
Social Theory,"SocialTheory, Theory, SocialWork, Community, Society, Humans"
Social Research Methods,"Social, Research, Methods, Theory, Resources, Humans, Society"
Elementary Spanish I,"Elementary, Spanish, Language"
Elementary Spanish II,"Elementary, Spanish, Language"
Intermediate Spanish I,"Intermediate, Spanish, Language"
Intermediate Spanish II,"Intermediate, Spanish, Language"
Cultures of Spain,"Culture, Spain, Society, Community"
Cultures of Latin America,"Culture, LatinAmerica, Society, Community"
Cultures of the Hispanic Caribbean,"Culture, HispanicCaribbean, Hispanic, Society, Community"
Spanish: Fiction and Expression,"Spanish, Fiction, Expression, Literature, Writing, Character, Novel"
Spanish for Heritage Speakers I,"HeritageSpeakers, Spanish, Language"
Spanish for Heritage Speakers II,"HeritageSpeakers, Spanish, Language"
Spanish in a Digital Age,"Spanish, Fiction, Expression, Literature, Writing, Character, Novel"
Themes in Spanish Cinema,"Themes, SpanishCinema, Film, Theory, Concepts, Art"
Spanish Study Tour,"Spanish, StudyTour, Guide, Language, Culture"
Spain Today,"Spain, Today, Modern, Current, Society, Community"
Advanced Intensive Spanish I,"Advanced, Intensive, Spanish, Language"
Advanced Intensive Spanish II,"Advanced, Intensive, Spanish, Language"
Latin American Women Writers,"LatinAmerica, Women, Writers, Literature, Poems, Art, Character"
Professional Spanish,"Professional, Spanish, Language"
Special Topics in Spanish I,"SpecialTopics, Spanish, Language, Culture, Art"
Special Topics in Spanish II,"SpecialTopics, Spanish, Language, Culture, Art"
Internship in Spanish,"Internship, Spanish, Language, Culture, Art"
Spanish Composition I,"Spanish, Composition, Language"
Spanish Composition II,"Spanish, Composition, Language"
Spanish Translation Techniques,"Spanish, Translation, Techniques, Strategy, Language"
Spanish American Literature I,"SpanishAmerican, Literature, Writing, Art, Character, Novel"
Spanish American Literature II,"SpanishAmerican, Literature, Writing, Art, Character, Novel"
Capping Course,"Capping, SeniorYear, Spanish"
Medieval Spanish Literature,"Medieval, Spanish, Literature, Writing, History, Art, Culture, Character, Novel"
Contemporary Spanish Literature,"Contemporary, Spanish, Literature, Writing, History, Art, Culture, Character, Novel"
Advanced Internship in Spanish,"Advanced, Internship, Spanish, Language, Culture, History, Art"
Introduction to Women's Studies,"Introductory, Women, Studies, Sex, Humans"
Gender and Media,"Gender, Media, Sex, Humans, HumanBehavior, Society"
Literature of the Golden Age,"Literature, GoldenAge, Writing, History, Art, Culture, Character"
